timestamp,time_seconds,speed_kmh,velocity_x_ms,velocity_y_ms,velocity_z_ms,acceleration_x_ms2,acceleration_y_ms2,acceleration_z_ms2
0.000000,0.000000,0.0,0.0,0.0,0.0,0.0,0.0,0.0
0.016667,0.016667,0.5,0.139,0.0,0.0,0.5,0.0,0.0
0.033333,0.033333,1.2,0.333,0.0,0.0,0.7,0.0,0.0
0.050000,0.050000,2.1,0.583,0.0,0.0,0.9,0.0,0.0
0.066667,0.066667,3.2,0.889,0.0,0.0,1.1,0.0,0.0
0.083333,0.083333,4.5,1.250,0.0,0.0,1.3,0.0,0.0
0.100000,0.100000,6.0,1.667,0.0,0.0,1.5,0.0,0.0
0.116667,0.116667,7.7,2.139,0.0,0.0,1.7,0.0,0.0
0.133333,0.133333,9.6,2.667,0.0,0.0,1.9,0.0,0.0
0.150000,0.150000,11.7,3.250,0.0,0.0,2.1,0.0,0.0
0.166667,0.166667,14.0,3.889,0.0,0.0,2.3,0.0,0.0
0.183333,0.183333,16.5,4.583,0.0,0.0,2.5,0.0,0.0
0.200000,0.200000,19.2,5.333,0.0,0.0,2.7,0.0,0.0
0.216667,0.216667,22.1,6.139,0.0,0.0,2.9,0.0,0.0
0.233333,0.233333,25.2,7.000,0.0,0.0,3.1,0.0,0.0
0.250000,0.250000,28.5,7.917,0.0,0.0,3.3,0.0,0.0
0.266667,0.266667,32.0,8.889,0.0,0.0,3.5,0.0,0.0
0.283333,0.283333,35.7,9.917,0.0,0.0,3.7,0.0,0.0
0.300000,0.300000,39.6,11.000,0.0,0.0,3.9,0.0,0.0
0.316667,0.316667,43.7,12.139,0.0,0.0,4.1,0.0,0.0
0.333333,0.333333,48.0,13.333,0.0,0.0,4.3,0.0,0.0
0.350000,0.350000,52.5,14.583,0.0,0.0,4.5,0.0,0.0
0.366667,0.366667,57.2,15.889,0.0,0.0,4.7,0.0,0.0
0.383333,0.383333,62.1,17.250,0.0,0.0,4.9,0.0,0.0
0.400000,0.400000,67.2,18.667,0.0,0.0,5.1,0.0,0.0
0.416667,0.416667,72.5,20.139,0.0,0.0,5.3,0.0,0.0
0.433333,0.433333,78.0,21.667,0.0,0.0,5.5,0.0,0.0
0.450000,0.450000,83.7,23.250,0.0,0.0,5.7,0.0,0.0
0.466667,0.466667,89.6,24.889,0.0,0.0,5.9,0.0,0.0
0.483333,0.483333,95.7,26.583,0.0,0.0,6.1,0.0,0.0
0.500000,0.500000,102.0,28.333,0.0,0.0,6.3,0.0,0.0
0.516667,0.516667,108.5,30.139,0.0,0.0,6.5,0.0,0.0
0.533333,0.533333,115.2,32.000,0.0,0.0,6.7,0.0,0.0
0.550000,0.550000,122.1,33.917,0.0,0.0,6.9,0.0,0.0
0.566667,0.566667,129.2,35.889,0.0,0.0,7.1,0.0,0.0
0.583333,0.583333,136.5,37.917,0.0,0.0,7.3,0.0,0.0
0.600000,0.600000,144.0,40.000,0.0,0.0,7.5,0.0,0.0
0.616667,0.616667,151.7,42.139,0.0,0.0,7.7,0.0,0.0
0.633333,0.633333,159.6,44.333,0.0,0.0,7.9,0.0,0.0
0.650000,0.650000,167.7,46.583,0.0,0.0,8.1,0.0,0.0
0.666667,0.666667,176.0,48.889,0.0,0.0,8.3,0.0,0.0
0.683333,0.683333,184.5,51.250,0.0,0.0,8.5,0.0,0.0
0.700000,0.700000,193.2,53.667,0.0,0.0,8.7,0.0,0.0
0.716667,0.716667,202.1,56.139,0.0,0.0,8.9,0.0,0.0
0.733333,0.733333,211.2,58.667,0.0,0.0,9.1,0.0,0.0
0.750000,0.750000,220.5,61.250,0.0,0.0,9.3,0.0,0.0
0.766667,0.766667,230.0,63.889,0.0,0.0,9.5,0.0,0.0
0.783333,0.783333,239.7,66.583,0.0,0.0,9.7,0.0,0.0
0.800000,0.800000,249.6,69.333,0.0,0.0,9.9,0.0,0.0
0.816667,0.816667,259.7,72.139,0.0,0.0,10.1,0.0,0.0
0.833333,0.833333,270.0,75.000,0.0,0.0,10.3,0.0,0.0
0.850000,0.850000,280.5,77.917,0.0,0.0,10.5,0.0,0.0
0.866667,0.866667,291.2,80.889,0.0,0.0,10.7,0.0,0.0
0.883333,0.883333,302.1,83.917,0.0,0.0,10.9,0.0,0.0
0.900000,0.900000,313.2,87.000,0.0,0.0,11.1,0.0,0.0
0.916667,0.916667,324.5,90.139,0.0,0.0,11.3,0.0,0.0
0.933333,0.933333,336.0,93.333,0.0,0.0,11.5,0.0,0.0
0.950000,0.950000,347.7,96.583,0.0,0.0,11.7,0.0,0.0
0.966667,0.966667,359.6,99.889,0.0,0.0,11.9,0.0,0.0
0.983333,0.983333,371.7,103.250,0.0,0.0,12.1,0.0,0.0
1.000000,1.000000,384.0,106.667,0.0,0.0,12.3,0.0,0.0
1.016667,1.016667,396.5,110.139,0.0,0.0,12.5,0.0,0.0
1.033333,1.033333,409.2,113.667,0.0,0.0,12.7,0.0,0.0
1.050000,1.050000,422.1,117.250,0.0,0.0,12.9,0.0,0.0
1.066667,1.066667,435.2,120.889,0.0,0.0,13.1,0.0,0.0
1.083333,1.083333,448.5,124.583,0.0,0.0,13.3,0.0,0.0
1.100000,1.100000,462.0,128.333,0.0,0.0,13.5,0.0,0.0
1.116667,1.116667,475.7,132.139,0.0,0.0,13.7,0.0,0.0
1.133333,1.133333,489.6,136.000,0.0,0.0,13.9,0.0,0.0
1.150000,1.150000,503.7,139.917,0.0,0.0,14.1,0.0,0.0
1.166667,1.166667,518.0,143.889,0.0,0.0,14.3,0.0,0.0
1.183333,1.183333,532.5,147.917,0.0,0.0,14.5,0.0,0.0
1.200000,1.200000,547.2,152.000,0.0,0.0,14.7,0.0,0.0
1.216667,1.216667,562.1,156.139,0.0,0.0,14.9,0.0,0.0
1.233333,1.233333,577.2,160.333,0.0,0.0,15.1,0.0,0.0
1.250000,1.250000,592.5,164.583,0.0,0.0,15.3,0.0,0.0
1.266667,1.266667,608.0,168.889,0.0,0.0,15.5,0.0,0.0
1.283333,1.283333,623.7,173.250,0.0,0.0,15.7,0.0,0.0
1.300000,1.300000,639.6,177.667,0.0,0.0,15.9,0.0,0.0
1.316667,1.316667,655.7,182.139,0.0,0.0,16.1,0.0,0.0
1.333333,1.333333,672.0,186.667,0.0,0.0,16.3,0.0,0.0
1.350000,1.350000,688.5,191.250,0.0,0.0,16.5,0.0,0.0
1.366667,1.366667,705.2,195.889,0.0,0.0,16.7,0.0,0.0
1.383333,1.383333,722.1,200.583,0.0,0.0,16.9,0.0,0.0
1.400000,1.400000,739.2,205.333,0.0,0.0,17.1,0.0,0.0
1.416667,1.416667,756.5,210.139,0.0,0.0,17.3,0.0,0.0
1.433333,1.433333,774.0,215.000,0.0,0.0,17.5,0.0,0.0
1.450000,1.450000,791.7,219.917,0.0,0.0,17.7,0.0,0.0
1.466667,1.466667,809.6,224.889,0.0,0.0,17.9,0.0,0.0
1.483333,1.483333,827.7,229.917,0.0,0.0,18.1,0.0,0.0
1.500000,1.500000,846.0,235.000,0.0,0.0,18.3,0.0,0.0
1.516667,1.516667,864.5,240.139,0.0,0.0,18.5,0.0,0.0
1.533333,1.533333,883.2,245.333,0.0,0.0,18.7,0.0,0.0
1.550000,1.550000,902.1,250.583,0.0,0.0,18.9,0.0,0.0
1.566667,1.566667,921.2,255.889,0.0,0.0,19.1,0.0,0.0
1.583333,1.583333,940.5,261.250,0.0,0.0,19.3,0.0,0.0
1.600000,1.600000,960.0,266.667,0.0,0.0,19.5,0.0,0.0
1.616667,1.616667,979.7,272.139,0.0,0.0,19.7,0.0,0.0
1.633333,1.633333,999.6,277.667,0.0,0.0,19.9,0.0,0.0
1.650000,1.650000,1019.7,283.250,0.0,0.0,20.1,0.0,0.0
1.666667,1.666667,1040.0,288.889,0.0,0.0,20.3,0.0,0.0
1.683333,1.683333,1060.5,294.583,0.0,0.0,20.5,0.0,0.0
1.700000,1.700000,1081.2,300.333,0.0,0.0,20.7,0.0,0.0
1.716667,1.716667,1102.1,306.139,0.0,0.0,20.9,0.0,0.0
1.733333,1.733333,1123.2,312.000,0.0,0.0,21.1,0.0,0.0
1.750000,1.750000,1144.5,317.917,0.0,0.0,21.3,0.0,0.0
1.766667,1.766667,1166.0,323.889,0.0,0.0,21.5,0.0,0.0
1.783333,1.783333,1187.7,329.917,0.0,0.0,21.7,0.0,0.0
1.800000,1.800000,1209.6,336.000,0.0,0.0,21.9,0.0,0.0
1.816667,1.816667,1231.7,342.139,0.0,0.0,22.1,0.0,0.0
1.833333,1.833333,1254.0,348.333,0.0,0.0,22.3,0.0,0.0
1.850000,1.850000,1276.5,354.583,0.0,0.0,22.5,0.0,0.0
1.866667,1.866667,1299.2,360.889,0.0,0.0,22.7,0.0,0.0
1.883333,1.883333,1322.1,367.250,0.0,0.0,22.9,0.0,0.0
1.900000,1.900000,1345.2,373.667,0.0,0.0,23.1,0.0,0.0
1.916667,1.916667,1368.5,380.139,0.0,0.0,23.3,0.0,0.0
1.933333,1.933333,1392.0,386.667,0.0,0.0,23.5,0.0,0.0
1.950000,1.950000,1415.7,393.250,0.0,0.0,23.7,0.0,0.0
1.966667,1.966667,1439.6,399.889,0.0,0.0,23.9,0.0,0.0
1.983333,1.983333,1463.7,406.583,0.0,0.0,24.1,0.0,0.0
2.000000,2.000000,1488.0,413.333,0.0,0.0,24.3,0.0,0.0
2.016667,2.016667,1512.5,420.139,0.0,0.0,24.5,0.0,0.0
2.033333,2.033333,1537.2,427.000,0.0,0.0,24.7,0.0,0.0
2.050000,2.050000,1562.1,433.917,0.0,0.0,24.9,0.0,0.0
2.066667,2.066667,1587.2,440.889,0.0,0.0,25.1,0.0,0.0
2.083333,2.083333,1612.5,447.917,0.0,0.0,25.3,0.0,0.0
2.100000,2.100000,1638.0,455.000,0.0,0.0,25.5,0.0,0.0
2.116667,2.116667,1663.7,462.139,0.0,0.0,25.7,0.0,0.0
2.133333,2.133333,1689.6,469.333,0.0,0.0,25.9,0.0,0.0
2.150000,2.150000,1715.7,476.583,0.0,0.0,26.1,0.0,0.0
2.166667,2.166667,1742.0,483.889,0.0,0.0,26.3,0.0,0.0
2.183333,2.183333,1768.5,491.250,0.0,0.0,26.5,0.0,0.0
2.200000,2.200000,1795.2,498.667,0.0,0.0,26.7,0.0,0.0
2.216667,2.216667,1822.1,506.139,0.0,0.0,26.9,0.0,0.0
2.233333,2.233333,1849.2,513.667,0.0,0.0,27.1,0.0,0.0
2.250000,2.250000,1876.5,521.250,0.0,0.0,27.3,0.0,0.0
2.266667,2.266667,1904.0,528.889,0.0,0.0,27.5,0.0,0.0
2.283333,2.283333,1931.7,536.583,0.0,0.0,27.7,0.0,0.0
2.300000,2.300000,1959.6,544.333,0.0,0.0,27.9,0.0,0.0
2.316667,2.316667,1987.7,552.139,0.0,0.0,28.1,0.0,0.0
2.333333,2.333333,2016.0,560.000,0.0,0.0,28.3,0.0,0.0
2.350000,2.350000,2044.5,567.917,0.0,0.0,28.5,0.0,0.0
2.366667,2.366667,2073.2,575.889,0.0,0.0,28.7,0.0,0.0
2.383333,2.383333,2102.1,583.917,0.0,0.0,28.9,0.0,0.0
2.400000,2.400000,2131.2,592.000,0.0,0.0,29.1,0.0,0.0
2.416667,2.416667,2160.5,600.139,0.0,0.0,29.3,0.0,0.0
2.433333,2.433333,2190.0,608.333,0.0,0.0,29.5,0.0,0.0
2.450000,2.450000,2219.7,616.583,0.0,0.0,29.7,0.0,0.0
2.466667,2.466667,2249.6,624.889,0.0,0.0,29.9,0.0,0.0
2.483333,2.483333,2279.7,633.250,0.0,0.0,30.1,0.0,0.0
2.500000,2.500000,2310.0,641.667,0.0,0.0,30.3,0.0,0.0
2.516667,2.516667,2340.5,650.139,0.0,0.0,30.5,0.0,0.0
2.533333,2.533333,2371.2,658.667,0.0,0.0,30.7,0.0,0.0
2.550000,2.550000,2402.1,667.250,0.0,0.0,30.9,0.0,0.0
2.566667,2.566667,2433.2,675.889,0.0,0.0,31.1,0.0,0.0
2.583333,2.583333,2464.5,684.583,0.0,0.0,31.3,0.0,0.0
2.600000,2.600000,2496.0,693.333,0.0,0.0,31.5,0.0,0.0
2.616667,2.616667,2527.7,702.139,0.0,0.0,31.7,0.0,0.0
2.633333,2.633333,2559.6,711.000,0.0,0.0,31.9,0.0,0.0
2.650000,2.650000,2591.7,719.917,0.0,0.0,32.1,0.0,0.0
2.666667,2.666667,2624.0,728.889,0.0,0.0,32.3,0.0,0.0
2.683333,2.683333,2656.5,737.917,0.0,0.0,32.5,0.0,0.0
2.700000,2.700000,2689.2,747.000,0.0,0.0,32.7,0.0,0.0
2.716667,2.716667,2722.1,756.139,0.0,0.0,32.9,0.0,0.0
2.733333,2.733333,2755.2,765.333,0.0,0.0,33.1,0.0,0.0
2.750000,2.750000,2788.5,774.583,0.0,0.0,33.3,0.0,0.0
2.766667,2.766667,2822.0,783.889,0.0,0.0,33.5,0.0,0.0
2.783333,2.783333,2855.7,793.250,0.0,0.0,33.7,0.0,0.0
2.800000,2.800000,2889.6,802.667,0.0,0.0,33.9,0.0,0.0
2.816667,2.816667,2923.7,812.139,0.0,0.0,34.1,0.0,0.0
2.833333,2.833333,2958.0,821.667,0.0,0.0,34.3,0.0,0.0
2.850000,2.850000,2992.5,831.250,0.0,0.0,34.5,0.0,0.0
2.866667,2.866667,3027.2,840.889,0.0,0.0,34.7,0.0,0.0
2.883333,2.883333,3062.1,850.583,0.0,0.0,34.9,0.0,0.0
2.900000,2.900000,3097.2,860.333,0.0,0.0,35.1,0.0,0.0
2.916667,2.916667,3132.5,870.139,0.0,0.0,35.3,0.0,0.0
2.933333,2.933333,3168.0,880.000,0.0,0.0,35.5,0.0,0.0
2.950000,2.950000,3203.7,889.917,0.0,0.0,35.7,0.0,0.0
2.966667,2.966667,3239.6,899.889,0.0,0.0,35.9,0.0,0.0
2.983333,2.983333,3275.7,909.917,0.0,0.0,36.1,0.0,0.0
3.000000,3.000000,3312.0,920.000,0.0,0.0,36.3,0.0,0.0
3.016667,3.016667,3348.5,930.139,0.0,0.0,36.5,0.0,0.0
3.033333,3.033333,3385.2,940.333,0.0,0.0,36.7,0.0,0.0
3.050000,3.050000,3422.1,950.583,0.0,0.0,36.9,0.0,0.0
3.066667,3.066667,3459.2,960.889,0.0,0.0,37.1,0.0,0.0
3.083333,3.083333,3496.5,971.250,0.0,0.0,37.3,0.0,0.0
3.100000,3.100000,3534.0,981.667,0.0,0.0,37.5,0.0,0.0
3.116667,3.116667,3571.7,992.139,0.0,0.0,37.7,0.0,0.0
3.133333,3.133333,3609.6,1002.667,0.0,0.0,37.9,0.0,0.0
3.150000,3.150000,3647.7,1013.250,0.0,0.0,38.1,0.0,0.0
3.166667,3.166667,3686.0,1023.889,0.0,0.0,38.3,0.0,0.0
3.183333,3.183333,3724.5,1034.583,0.0,0.0,38.5,0.0,0.0
3.200000,3.200000,3763.2,1045.333,0.0,0.0,38.7,0.0,0.0
3.216667,3.216667,3802.1,1056.139,0.0,0.0,38.9,0.0,0.0
3.233333,3.233333,3841.2,1067.000,0.0,0.0,39.1,0.0,0.0
3.250000,3.250000,3880.5,1077.917,0.0,0.0,39.3,0.0,0.0
3.266667,3.266667,3920.0,1088.889,0.0,0.0,39.5,0.0,0.0
3.283333,3.283333,3959.7,1099.917,0.0,0.0,39.7,0.0,0.0
3.300000,3.300000,3999.6,1111.000,0.0,0.0,39.9,0.0,0.0
3.316667,3.316667,4039.7,1122.139,0.0,0.0,40.1,0.0,0.0
3.333333,3.333333,4080.0,1133.333,0.0,0.0,40.3,0.0,0.0
3.350000,3.350000,4120.5,1144.583,0.0,0.0,40.5,0.0,0.0
3.366667,3.366667,4161.2,1155.889,0.0,0.0,40.7,0.0,0.0
3.383333,3.383333,4202.1,1167.250,0.0,0.0,40.9,0.0,0.0
3.400000,3.400000,4243.2,1178.667,0.0,0.0,41.1,0.0,0.0
3.416667,3.416667,4284.5,1190.139,0.0,0.0,41.3,0.0,0.0
3.433333,3.433333,4326.0,1201.667,0.0,0.0,41.5,0.0,0.0
3.450000,3.450000,4367.7,1213.250,0.0,0.0,41.7,0.0,0.0
3.466667,3.466667,4409.6,1224.889,0.0,0.0,41.9,0.0,0.0
3.483333,3.483333,4451.7,1236.583,0.0,0.0,42.1,0.0,0.0
3.500000,3.500000,4494.0,1248.333,0.0,0.0,42.3,0.0,0.0
3.516667,3.516667,4536.5,1260.139,0.0,0.0,42.5,0.0,0.0
3.533333,3.533333,4579.2,1272.000,0.0,0.0,42.7,0.0,0.0
3.550000,3.550000,4622.1,1283.917,0.0,0.0,42.9,0.0,0.0
3.566667,3.566667,4665.2,1295.889,0.0,0.0,43.1,0.0,0.0
3.583333,3.583333,4708.5,1307.917,0.0,0.0,43.3,0.0,0.0
3.600000,3.600000,4752.0,1320.000,0.0,0.0,43.5,0.0,0.0
3.616667,3.616667,4795.7,1332.139,0.0,0.0,43.7,0.0,0.0
3.633333,3.633333,4839.6,1344.333,0.0,0.0,43.9,0.0,0.0
3.650000,3.650000,4883.7,1356.583,0.0,0.0,44.1,0.0,0.0
3.666667,3.666667,4928.0,1368.889,0.0,0.0,44.3,0.0,0.0
3.683333,3.683333,4972.5,1381.250,0.0,0.0,44.5,0.0,0.0
3.700000,3.700000,5017.2,1393.667,0.0,0.0,44.7,0.0,0.0
3.716667,3.716667,5062.1,1406.139,0.0,0.0,44.9,0.0,0.0
3.733333,3.733333,5107.2,1418.667,0.0,0.0,45.1,0.0,0.0
3.750000,3.750000,5152.5,1431.250,0.0,0.0,45.3,0.0,0.0
3.766667,3.766667,5198.0,1443.889,0.0,0.0,45.5,0.0,0.0
3.783333,3.783333,5243.7,1456.583,0.0,0.0,45.7,0.0,0.0
3.800000,3.800000,5289.6,1469.333,0.0,0.0,45.9,0.0,0.0
3.816667,3.816667,5335.7,1482.139,0.0,0.0,46.1,0.0,0.0
3.833333,3.833333,5382.0,1495.000,0.0,0.0,46.3,0.0,0.0
3.850000,3.850000,5428.5,1507.917,0.0,0.0,46.5,0.0,0.0
3.866667,3.866667,5475.2,1520.889,0.0,0.0,46.7,0.0,0.0
3.883333,3.883333,5522.1,1533.917,0.0,0.0,46.9,0.0,0.0
3.900000,3.900000,5569.2,1547.000,0.0,0.0,47.1,0.0,0.0
3.916667,3.916667,5616.5,1560.139,0.0,0.0,47.3,0.0,0.0
3.933333,3.933333,5664.0,1573.333,0.0,0.0,47.5,0.0,0.0
3.950000,3.950000,5711.7,1586.583,0.0,0.0,47.7,0.0,0.0
3.966667,3.966667,5759.6,1599.889,0.0,0.0,47.9,0.0,0.0
3.983333,3.983333,5807.7,1613.250,0.0,0.0,48.1,0.0,0.0
4.000000,4.000000,5856.0,1626.667,0.0,0.0,48.3,0.0,0.0
4.016667,4.016667,5904.5,1640.139,0.0,0.0,48.5,0.0,0.0
4.033333,4.033333,5953.2,1653.667,0.0,0.0,48.7,0.0,0.0
4.050000,4.050000,6002.1,1667.250,0.0,0.0,48.9,0.0,0.0
4.066667,4.066667,6051.2,1680.889,0.0,0.0,49.1,0.0,0.0
4.083333,4.083333,6100.5,1694.583,0.0,0.0,49.3,0.0,0.0
4.100000,4.100000,6150.0,1708.333,0.0,0.0,49.5,0.0,0.0
4.116667,4.116667,6199.7,1722.139,0.0,0.0,49.7,0.0,0.0
4.133333,4.133333,6249.6,1736.000,0.0,0.0,49.9,0.0,0.0
4.150000,4.150000,6299.7,1749.917,0.0,0.0,50.1,0.0,0.0
4.166667,4.166667,6350.0,1763.889,0.0,0.0,50.3,0.0,0.0
4.183333,4.183333,6400.5,1777.917,0.0,0.0,50.5,0.0,0.0
4.200000,4.200000,6451.2,1792.000,0.0,0.0,50.7,0.0,0.0
4.216667,4.216667,6502.1,1806.139,0.0,0.0,50.9,0.0,0.0
4.233333,4.233333,6553.2,1820.333,0.0,0.0,51.1,0.0,0.0
4.250000,4.250000,6604.5,1834.583,0.0,0.0,51.3,0.0,0.0
4.266667,4.266667,6656.0,1848.889,0.0,0.0,51.5,0.0,0.0
4.283333,4.283333,6707.7,1863.250,0.0,0.0,51.7,0.0,0.0
4.300000,4.300000,6759.6,1877.667,0.0,0.0,51.9,0.0,0.0
4.316667,4.316667,6811.7,1892.139,0.0,0.0,52.1,0.0,0.0
4.333333,4.333333,6864.0,1906.667,0.0,0.0,52.3,0.0,0.0
4.350000,4.350000,6916.5,1921.250,0.0,0.0,52.5,0.0,0.0
4.366667,4.366667,6969.2,1935.889,0.0,0.0,52.7,0.0,0.0
4.383333,4.383333,7022.1,1950.583,0.0,0.0,52.9,0.0,0.0
4.400000,4.400000,7075.2,1965.333,0.0,0.0,53.1,0.0,0.0
4.416667,4.416667,7128.5,1980.139,0.0,0.0,53.3,0.0,0.0
4.433333,4.433333,7182.0,1995.000,0.0,0.0,53.5,0.0,0.0
4.450000,4.450000,7235.7,2009.917,0.0,0.0,53.7,0.0,0.0
4.466667,4.466667,7289.6,2024.889,0.0,0.0,53.9,0.0,0.0
4.483333,4.483333,7343.7,2039.917,0.0,0.0,54.1,0.0,0.0
4.500000,4.500000,7398.0,2055.000,0.0,0.0,54.3,0.0,0.0
4.516667,4.516667,7452.5,2070.139,0.0,0.0,54.5,0.0,0.0
4.533333,4.533333,7507.2,2085.333,0.0,0.0,54.7,0.0,0.0
4.550000,4.550000,7562.1,2100.583,0.0,0.0,54.9,0.0,0.0
4.566667,4.566667,7617.2,2115.889,0.0,0.0,55.1,0.0,0.0
4.583333,4.583333,7672.5,2131.250,0.0,0.0,55.3,0.0,0.0
4.600000,4.600000,7728.0,2146.667,0.0,0.0,55.5,0.0,0.0
4.616667,4.616667,7783.7,2162.139,0.0,0.0,55.7,0.0,0.0
4.633333,4.633333,7839.6,2177.667,0.0,0.0,55.9,0.0,0.0
4.650000,4.650000,7895.7,2193.250,0.0,0.0,56.1,0.0,0.0
4.666667,4.666667,7952.0,2208.889,0.0,0.0,56.3,0.0,0.0
4.683333,4.683333,8008.5,2224.583,0.0,0.0,56.5,0.0,0.0
4.700000,4.700000,8065.2,2240.333,0.0,0.0,56.7,0.0,0.0
4.716667,4.716667,8122.1,2256.139,0.0,0.0,56.9,0.0,0.0
4.733333,4.733333,8179.2,2272.000,0.0,0.0,57.1,0.0,0.0
4.750000,4.750000,8236.5,2287.917,0.0,0.0,57.3,0.0,0.0
4.766667,4.766667,8294.0,2303.889,0.0,0.0,57.5,0.0,0.0
4.783333,4.783333,8351.7,2319.917,0.0,0.0,57.7,0.0,0.0
4.800000,4.800000,8409.6,2336.000,0.0,0.0,57.9,0.0,0.0
4.816667,4.816667,8467.7,2352.139,0.0,0.0,58.1,0.0,0.0
4.833333,4.833333,8526.0,2368.333,0.0,0.0,58.3,0.0,0.0
4.850000,4.850000,8584.5,2384.583,0.0,0.0,58.5,0.0,0.0
4.866667,4.866667,8643.2,2400.889,0.0,0.0,58.7,0.0,0.0
4.883333,4.883333,8702.1,2417.250,0.0,0.0,58.9,0.0,0.0
4.900000,4.900000,8761.2,2433.667,0.0,0.0,59.1,0.0,0.0
4.916667,4.916667,8820.5,2450.139,0.0,0.0,59.3,0.0,0.0
4.933333,4.933333,8880.0,2466.667,0.0,0.0,59.5,0.0,0.0
4.950000,4.950000,8939.7,2483.250,0.0,0.0,59.7,0.0,0.0
4.966667,4.966667,8999.6,2499.889,0.0,0.0,59.9,0.0,0.0
4.983333,4.983333,9059.7,2516.583,0.0,0.0,60.1,0.0,0.0
5.000000,5.000000,9120.0,2533.333,0.0,0.0,60.3,0.0,0.0
5.016667,5.016667,9180.5,2550.139,0.0,0.0,60.5,0.0,0.0
5.033333,5.033333,9241.2,2567.000,0.0,0.0,60.7,0.0,0.0
5.050000,5.050000,9302.1,2583.917,0.0,0.0,60.9,0.0,0.0
5.066667,5.066667,9363.2,2600.889,0.0,0.0,61.1,0.0,0.0
5.083333,5.083333,9424.5,2617.917,0.0,0.0,61.3,0.0,0.0
5.100000,5.100000,9486.0,2635.000,0.0,0.0,61.5,0.0,0.0
5.116667,5.116667,9547.7,2652.139,0.0,0.0,61.7,0.0,0.0
5.133333,5.133333,9609.6,2669.333,0.0,0.0,61.9,0.0,0.0
5.150000,5.150000,9671.7,2686.583,0.0,0.0,62.1,0.0,0.0
5.166667,5.166667,9734.0,2703.889,0.0,0.0,62.3,0.0,0.0
5.183333,5.183333,9796.5,2721.250,0.0,0.0,62.5,0.0,0.0
5.200000,5.200000,9859.2,2738.667,0.0,0.0,62.7,0.0,0.0
5.216667,5.216667,9922.1,2756.139,0.0,0.0,62.9,0.0,0.0
5.233333,5.233333,9985.2,2773.667,0.0,0.0,63.1,0.0,0.0
5.250000,5.250000,10048.5,2791.250,0.0,0.0,63.3,0.0,0.0
5.266667,5.266667,10112.0,2808.889,0.0,0.0,63.5,0.0,0.0
5.283333,5.283333,10175.7,2826.583,0.0,0.0,63.7,0.0,0.0
5.300000,5.300000,10239.6,2844.333,0.0,0.0,63.9,0.0,0.0
5.316667,5.316667,10303.7,2862.139,0.0,0.0,64.1,0.0,0.0
5.333333,5.333333,10368.0,2880.000,0.0,0.0,64.3,0.0,0.0
5.350000,5.350000,10432.5,2897.917,0.0,0.0,64.5,0.0,0.0
5.366667,5.366667,10497.2,2915.889,0.0,0.0,64.7,0.0,0.0
5.383333,5.383333,10562.1,2933.917,0.0,0.0,64.9,0.0,0.0
5.400000,5.400000,10627.2,2952.000,0.0,0.0,65.1,0.0,0.0
5.416667,5.416667,10692.5,2970.139,0.0,0.0,65.3,0.0,0.0
5.433333,5.433333,10758.0,2988.333,0.0,0.0,65.5,0.0,0.0
5.450000,5.450000,10823.7,3006.583,0.0,0.0,65.7,0.0,0.0
5.466667,5.466667,10889.6,3024.889,0.0,0.0,65.9,0.0,0.0
5.483333,5.483333,10955.7,3043.250,0.0,0.0,66.1,0.0,0.0
5.500000,5.500000,11022.0,3061.667,0.0,0.0,66.3,0.0,0.0
5.516667,5.516667,11088.5,3080.139,0.0,0.0,66.5,0.0,0.0
5.533333,5.533333,11155.2,3098.667,0.0,0.0,66.7,0.0,0.0
5.550000,5.550000,11222.1,3117.250,0.0,0.0,66.9,0.0,0.0
5.566667,5.566667,11289.2,3135.889,0.0,0.0,67.1,0.0,0.0
5.583333,5.583333,11356.5,3154.583,0.0,0.0,67.3,0.0,0.0
5.600000,5.600000,11424.0,3173.333,0.0,0.0,67.5,0.0,0.0
5.616667,5.616667,11491.7,3192.139,0.0,0.0,67.7,0.0,0.0
5.633333,5.633333,11559.6,3211.000,0.0,0.0,67.9,0.0,0.0
5.650000,5.650000,11627.7,3229.917,0.0,0.0,68.1,0.0,0.0
5.666667,5.666667,11696.0,3248.889,0.0,0.0,68.3,0.0,0.0
5.683333,5.683333,11764.5,3267.917,0.0,0.0,68.5,0.0,0.0
5.700000,5.700000,11833.2,3287.000,0.0,0.0,68.7,0.0,0.0
5.716667,5.716667,11902.1,3306.139,0.0,0.0,68.9,0.0,0.0
5.733333,5.733333,11971.2,3325.333,0.0,0.0,69.1,0.0,0.0
5.750000,5.750000,12040.5,3344.583,0.0,0.0,69.3,0.0,0.0
5.766667,5.766667,12110.0,3363.889,0.0,0.0,69.5,0.0,0.0
5.783333,5.783333,12179.7,3383.250,0.0,0.0,69.7,0.0,0.0
5.800000,5.800000,12249.6,3402.667,0.0,0.0,69.9,0.0,0.0
5.816667,5.816667,12319.7,3422.139,0.0,0.0,70.1,0.0,0.0
5.833333,5.833333,12390.0,3441.667,0.0,0.0,70.3,0.0,0.0
5.850000,5.850000,12460.5,3461.250,0.0,0.0,70.5,0.0,0.0
5.866667,5.866667,12531.2,3480.889,0.0,0.0,70.7,0.0,0.0
5.883333,5.883333,12602.1,3500.583,0.0,0.0,70.9,0.0,0.0
5.900000,5.900000,12673.2,3520.333,0.0,0.0,71.1,0.0,0.0
5.916667,5.916667,12744.5,3540.139,0.0,0.0,71.3,0.0,0.0
5.933333,5.933333,12816.0,3560.000,0.0,0.0,71.5,0.0,0.0
5.950000,5.950000,12887.7,3579.917,0.0,0.0,71.7,0.0,0.0
5.966667,5.966667,12959.6,3599.889,0.0,0.0,71.9,0.0,0.0
5.983333,5.983333,13031.7,3619.917,0.0,0.0,72.1,0.0,0.0
6.000000,6.000000,13104.0,3640.000,0.0,0.0,72.3,0.0,0.0
6.016667,6.016667,13176.5,3660.139,0.0,0.0,72.5,0.0,0.0
6.033333,6.033333,13249.2,3680.333,0.0,0.0,72.7,0.0,0.0
6.050000,6.050000,13322.1,3700.583,0.0,0.0,72.9,0.0,0.0
6.066667,6.066667,13395.2,3720.889,0.0,0.0,73.1,0.0,0.0
6.083333,6.083333,13468.5,3741.250,0.0,0.0,73.3,0.0,0.0
6.100000,6.100000,13542.0,3761.667,0.0,0.0,73.5,0.0,0.0
6.116667,6.116667,13615.7,3782.139,0.0,0.0,73.7,0.0,0.0
6.133333,6.133333,13689.6,3802.667,0.0,0.0,73.9,0.0,0.0
6.150000,6.150000,13763.7,3823.250,0.0,0.0,74.1,0.0,0.0
6.166667,6.166667,13838.0,3843.889,0.0,0.0,74.3,0.0,0.0
6.183333,6.183333,13912.5,3864.583,0.0,0.0,74.5,0.0,0.0
6.200000,6.200000,13987.2,3885.333,0.0,0.0,74.7,0.0,0.0
6.216667,6.216667,14062.1,3906.139,0.0,0.0,74.9,0.0,0.0
6.233333,6.233333,14137.2,3927.000,0.0,0.0,75.1,0.0,0.0
6.250000,6.250000,14212.5,3947.917,0.0,0.0,75.3,0.0,0.0
6.266667,6.266667,14288.0,3968.889,0.0,0.0,75.5,0.0,0.0
6.283333,6.283333,14363.7,3989.917,0.0,0.0,75.7,0.0,0.0
6.300000,6.300000,14439.6,4011.000,0.0,0.0,75.9,0.0,0.0
6.316667,6.316667,14515.7,4032.139,0.0,0.0,76.1,0.0,0.0
6.333333,6.333333,14592.0,4053.333,0.0,0.0,76.3,0.0,0.0
6.350000,6.350000,14668.5,4074.583,0.0,0.0,76.5,0.0,0.0
6.366667,6.366667,14745.2,4095.889,0.0,0.0,76.7,0.0,0.0
6.383333,6.383333,14822.1,4117.250,0.0,0.0,76.9,0.0,0.0
6.400000,6.400000,14899.2,4138.667,0.0,0.0,77.1,0.0,0.0
6.416667,6.416667,14976.5,4160.139,0.0,0.0,77.3,0.0,0.0
6.433333,6.433333,15054.0,4181.667,0.0,0.0,77.5,0.0,0.0
6.450000,6.450000,15131.7,4203.250,0.0,0.0,77.7,0.0,0.0
6.466667,6.466667,15209.6,4224.889,0.0,0.0,77.9,0.0,0.0
6.483333,6.483333,15287.7,4246.583,0.0,0.0,78.1,0.0,0.0
6.500000,6.500000,15366.0,4268.333,0.0,0.0,78.3,0.0,0.0
6.516667,6.516667,15444.5,4290.139,0.0,0.0,78.5,0.0,0.0
6.533333,6.533333,15523.2,4312.000,0.0,0.0,78.7,0.0,0.0
6.550000,6.550000,15602.1,4333.917,0.0,0.0,78.9,0.0,0.0
6.566667,6.566667,15681.2,4355.889,0.0,0.0,79.1,0.0,0.0
6.583333,6.583333,15760.5,4377.917,0.0,0.0,79.3,0.0,0.0
6.600000,6.600000,15840.0,4400.000,0.0,0.0,79.5,0.0,0.0
6.616667,6.616667,15919.7,4422.139,0.0,0.0,79.7,0.0,0.0
6.633333,6.633333,15999.6,4444.333,0.0,0.0,79.9,0.0,0.0
6.650000,6.650000,16079.7,4466.583,0.0,0.0,80.1,0.0,0.0
6.666667,6.666667,16160.0,4488.889,0.0,0.0,80.3,0.0,0.0
6.683333,6.683333,16240.5,4511.250,0.0,0.0,80.5,0.0,0.0
6.700000,6.700000,16321.2,4533.667,0.0,0.0,80.7,0.0,0.0
6.716667,6.716667,16402.1,4556.139,0.0,0.0,80.9,0.0,0.0
6.733333,6.733333,16483.2,4578.667,0.0,0.0,81.1,0.0,0.0
6.750000,6.750000,16564.5,4601.250,0.0,0.0,81.3,0.0,0.0
6.766667,6.766667,16646.0,4623.889,0.0,0.0,81.5,0.0,0.0
6.783333,6.783333,16727.7,4646.583,0.0,0.0,81.7,0.0,0.0
6.800000,6.800000,16809.6,4669.333,0.0,0.0,81.9,0.0,0.0
6.816667,6.816667,16891.7,4692.139,0.0,0.0,82.1,0.0,0.0
6.833333,6.833333,16974.0,4715.000,0.0,0.0,82.3,0.0,0.0
6.850000,6.850000,17056.5,4737.917,0.0,0.0,82.5,0.0,0.0
6.866667,6.866667,17139.2,4760.889,0.0,0.0,82.7,0.0,0.0
6.883333,6.883333,17222.1,4783.917,0.0,0.0,82.9,0.0,0.0
6.900000,6.900000,17305.2,4807.000,0.0,0.0,83.1,0.0,0.0
6.916667,6.916667,17388.5,4830.139,0.0,0.0,83.3,0.0,0.0
6.933333,6.933333,17472.0,4853.333,0.0,0.0,83.5,0.0,0.0
6.950000,6.950000,17555.7,4876.583,0.0,0.0,83.7,0.0,0.0
6.966667,6.966667,17639.6,4899.889,0.0,0.0,83.9,0.0,0.0
6.983333,6.983333,17723.7,4923.250,0.0,0.0,84.1,0.0,0.0
7.000000,7.000000,17808.0,4946.667,0.0,0.0,84.3,0.0,0.0
7.016667,7.016667,17892.5,4970.139,0.0,0.0,84.5,0.0,0.0
7.033333,7.033333,17977.2,4993.667,0.0,0.0,84.7,0.0,0.0
7.050000,7.050000,18062.1,5017.250,0.0,0.0,84.9,0.0,0.0
7.066667,7.066667,18147.2,5040.889,0.0,0.0,85.1,0.0,0.0
7.083333,7.083333,18232.5,5064.583,0.0,0.0,85.3,0.0,0.0
7.100000,7.100000,18318.0,5088.333,0.0,0.0,85.5,0.0,0.0
7.116667,7.116667,18403.7,5112.139,0.0,0.0,85.7,0.0,0.0
7.133333,7.133333,18489.6,5136.000,0.0,0.0,85.9,0.0,0.0
7.150000,7.150000,18575.7,5159.917,0.0,0.0,86.1,0.0,0.0
7.166667,7.166667,18662.0,5183.889,0.0,0.0,86.3,0.0,0.0
7.183333,7.183333,18748.5,5207.917,0.0,0.0,86.5,0.0,0.0
7.200000,7.200000,18835.2,5232.000,0.0,0.0,86.7,0.0,0.0
7.216667,7.216667,18922.1,5256.139,0.0,0.0,86.9,0.0,0.0
7.233333,7.233333,19009.2,5280.333,0.0,0.0,87.1,0.0,0.0
7.250000,7.250000,19096.5,5304.583,0.0,0.0,87.3,0.0,0.0
7.266667,7.266667,19184.0,5328.889,0.0,0.0,87.5,0.0,0.0
7.283333,7.283333,19271.7,5353.250,0.0,0.0,87.7,0.0,0.0
7.300000,7.300000,19359.6,5377.667,0.0,0.0,87.9,0.0,0.0
7.316667,7.316667,19447.7,5402.139,0.0,0.0,88.1,0.0,0.0
7.333333,7.333333,19536.0,5426.667,0.0,0.0,88.3,0.0,0.0
7.350000,7.350000,19624.5,5451.250,0.0,0.0,88.5,0.0,0.0
7.366667,7.366667,19713.2,5475.889,0.0,0.0,88.7,0.0,0.0
7.383333,7.383333,19802.1,5500.583,0.0,0.0,88.9,0.0,0.0
7.400000,7.400000,19891.2,5525.333,0.0,0.0,89.1,0.0,0.0
7.416667,7.416667,19980.5,5550.139,0.0,0.0,89.3,0.0,0.0
7.433333,7.433333,20070.0,5575.000,0.0,0.0,89.5,0.0,0.0
7.450000,7.450000,20159.7,5599.917,0.0,0.0,89.7,0.0,0.0
7.466667,7.466667,20249.6,5624.889,0.0,0.0,89.9,0.0,0.0
7.483333,7.483333,20339.7,5649.917,0.0,0.0,90.1,0.0,0.0
7.500000,7.500000,20430.0,5675.000,0.0,0.0,90.3,0.0,0.0
7.516667,7.516667,20520.5,5700.139,0.0,0.0,90.5,0.0,0.0
7.533333,7.533333,20611.2,5725.333,0.0,0.0,90.7,0.0,0.0
7.550000,7.550000,20702.1,5750.583,0.0,0.0,90.9,0.0,0.0
7.566667,7.566667,20793.2,5775.889,0.0,0.0,91.1,0.0,0.0
7.583333,7.583333,20884.5,5801.250,0.0,0.0,91.3,0.0,0.0
7.600000,7.600000,20976.0,5826.667,0.0,0.0,91.5,0.0,0.0
7.616667,7.616667,21067.7,5852.139,0.0,0.0,91.7,0.0,0.0
7.633333,7.633333,21159.6,5877.667,0.0,0.0,91.9,0.0,0.0
7.650000,7.650000,21251.7,5903.250,0.0,0.0,92.1,0.0,0.0
7.666667,7.666667,21344.0,5928.889,0.0,0.0,92.3,0.0,0.0
7.683333,7.683333,21436.5,5954.583,0.0,0.0,92.5,0.0,0.0
7.700000,7.700000,21529.2,5980.333,0.0,0.0,92.7,0.0,0.0
7.716667,7.716667,21622.1,6006.139,0.0,0.0,92.9,0.0,0.0
7.733333,7.733333,21715.2,6032.000,0.0,0.0,93.1,0.0,0.0
7.750000,7.750000,21808.5,6057.917,0.0,0.0,93.3,0.0,0.0
7.766667,7.766667,21902.0,6083.889,0.0,0.0,93.5,0.0,0.0
7.783333,7.783333,21995.7,6109.917,0.0,0.0,93.7,0.0,0.0
7.800000,7.800000,22089.6,6136.000,0.0,0.0,93.9,0.0,0.0
7.816667,7.816667,22183.7,6162.139,0.0,0.0,94.1,0.0,0.0
7.833333,7.833333,22278.0,6188.333,0.0,0.0,94.3,0.0,0.0
7.850000,7.850000,22372.5,6214.583,0.0,0.0,94.5,0.0,0.0
7.866667,7.866667,22467.2,6240.889,0.0,0.0,94.7,0.0,0.0
7.883333,7.883333,22562.1,6267.250,0.0,0.0,94.9,0.0,0.0
7.900000,7.900000,22657.2,6293.667,0.0,0.0,95.1,0.0,0.0
7.916667,7.916667,22752.5,6320.139,0.0,0.0,95.3,0.0,0.0
7.933333,7.933333,22848.0,6346.667,0.0,0.0,95.5,0.0,0.0
7.950000,7.950000,22943.7,6373.250,0.0,0.0,95.7,0.0,0.0
7.966667,7.966667,23039.6,6399.889,0.0,0.0,95.9,0.0,0.0
7.983333,7.983333,23135.7,6426.583,0.0,0.0,96.1,0.0,0.0
8.000000,8.000000,23232.0,6453.333,0.0,0.0,96.3,0.0,0.0
